/*
Navicat MySQL Data Transfer

Source Server         : localTest
Source Server Version : 80016
Source Host           : 127.0.0.1:3306
Source Database       : music

Target Server Type    : MYSQL
Target Server Version : 80016
File Encoding         : 65001

Date: 2021-06-19 09:45:29
*/

SET FOREIGN_KEY_CHECKS=0;

-- ----------------------------
-- Table structure for `admin`
-- ----------------------------
DROP TABLE IF EXISTS `admin`;
CREATE TABLE `admin` (
`id`  int(11) NOT NULL AUTO_INCREMENT COMMENT '涓婚敭' ,
`name`  varchar(255) CHARACTER SET utf8 COLLATE utf8_general_ci NULL DEFAULT NULL COMMENT '璐﹀彿' ,
`password`  varchar(255) CHARACTER SET utf8 COLLATE utf8_general_ci NULL DEFAULT NULL COMMENT '瀵嗙爜' ,
PRIMARY KEY (`id`)
)
ENGINE=InnoDB
DEFAULT CHARACTER SET=utf8 COLLATE=utf8_general_ci
COMMENT='管理员'
AUTO_INCREMENT=3

;

-- ----------------------------
-- Records of admin
-- ----------------------------
BEGIN;
INSERT INTO `admin` VALUES ('1', 'admin', '1'), ('2', 'admin1', '1');
COMMIT;

-- ----------------------------
-- Table structure for `collect`
-- ----------------------------
DROP TABLE IF EXISTS `collect`;
CREATE TABLE `collect` (
`id`  int(11) NOT NULL AUTO_INCREMENT COMMENT '涓婚敭' ,
`user_id`  int(11) NULL DEFAULT NULL COMMENT '鐢ㄦ埛id' ,
`type`  tinyint(1) NULL DEFAULT NULL COMMENT '鏀惰棌绫诲瀷锛?姝屾洸1姝屽崟锛?' ,
`song_id`  int(11) NULL DEFAULT NULL COMMENT '姝屾洸id' ,
`song_list_id`  int(11) NULL DEFAULT NULL COMMENT '姝屽崟id' ,
`create_time`  datetime NULL DEFAULT NULL COMMENT '鏀惰棌鏃堕棿' ,
PRIMARY KEY (`id`)
)
ENGINE=InnoDB
DEFAULT CHARACTER SET=utf8 COLLATE=utf8_general_ci
COMMENT='收藏'
AUTO_INCREMENT=57

;

-- ----------------------------
-- Records of collect
-- ----------------------------
BEGIN;
INSERT INTO `collect` VALUES ('3', '94', '0', '22', null, '2019-01-07 16:38:23'), ('4', '94', '0', '23', null, '2019-01-07 16:41:44'), ('6', '94', '0', '21', null, '2019-01-07 16:43:45'), ('10', '94', '0', '3', null, '2019-01-07 16:58:59'), ('16', '94', '0', '24', null, '2019-01-07 17:34:07'), ('21', '5', '0', '24', null, '2019-01-08 15:18:33'), ('24', '5', '0', '8', null, '2019-01-08 16:07:57'), ('43', '5', '0', '7', null, '2019-04-26 01:06:20'), ('45', '26', '0', '44', null, '2020-03-21 22:26:37'), ('46', '26', '0', '36', null, '2020-03-21 22:28:24'), ('47', '26', '0', '69', null, '2020-03-22 01:56:54'), ('48', '26', '0', '45', null, '2020-03-22 02:08:36'), ('49', '26', '0', '21', null, '2020-03-22 02:08:41'), ('50', '26', '0', '100', null, '2020-03-22 03:41:14'), ('52', '12', '0', '99', null, '2020-04-05 21:19:06'), ('54', '1', '0', '7', null, '2020-08-15 19:52:29'), ('55', '1', '0', '4', null, '2020-08-16 21:18:07'), ('56', '1', '0', '23', null, '2020-09-27 07:36:55');
COMMIT;

-- ----------------------------
-- Table structure for `comment`
-- ----------------------------
DROP TABLE IF EXISTS `comment`;
CREATE TABLE `comment` (
`id`  int(11) NOT NULL AUTO_INCREMENT COMMENT '涓婚敭' ,
`user_id`  int(11) NULL DEFAULT NULL COMMENT '鐢ㄦ埛id' ,
`type`  tinyint(1) NULL DEFAULT NULL COMMENT '璇勮绫诲瀷锛?姝屾洸1姝屽崟锛?' ,
`song_id`  int(11) NULL DEFAULT NULL COMMENT '姝屾洸id' ,
`song_list_id`  int(11) NULL DEFAULT NULL COMMENT '姝屽崟id' ,
`content`  varchar(255) CHARACTER SET utf8 COLLATE utf8_general_ci NULL DEFAULT NULL COMMENT '璇勮鍐呭' ,
`create_time`  datetime NULL DEFAULT NULL COMMENT '鏀惰棌鏃堕棿' ,
`up`  int(11) NULL DEFAULT 0 COMMENT '璇勮鐐硅禐鏁?' ,
PRIMARY KEY (`id`)
)
ENGINE=InnoDB
DEFAULT CHARACTER SET=utf8 COLLATE=utf8_general_ci
COMMENT='评论'
AUTO_INCREMENT=60

;

-- ----------------------------
-- Records of comment
-- ----------------------------
BEGIN;
INSERT INTO `comment` VALUES ('3', '1', '1', '0', '1', '里面乱乱糟糟\n我们别再闹了\n这个冬天已然很冷了\n我们靠在一起。好吗', '2019-01-06 16:12:13', '1'), ('5', '1', '0', '21', null, '允儿牵动我的心!!!', '2019-01-06 18:12:53', '0'), ('9', '1', '0', '22', null, '林允儿这个人，饭她真的很骄傲。韩国人说汉语总会带着地域性极强的泡菜味，可是林允儿真的很用心在把准每一个汉字，从咬字到发音，再加上轻柔干净的嗓音加持，将柔美与舒缓表达到极致，将歌里想诉说的那种感情娓娓道来。', '2019-01-06 19:36:01', '0'), ('10', '1', '0', '21', null, '像我们之间一段长久未诉的告白，被你这样娓娓道来，你问我爱你有多深，我爱你有几分，我的情不移我的爱不变，月亮代表我的心。', '2019-01-06 19:44:37', '3'), ('11', '1', '0', '21', null, '当听这首歌曲的时候，看看天上的月亮。美爆了！', '2019-01-06 19:45:51', '0'), ('12', '1', '0', '23', null, '太尼马好听了！堂堂正正的林歌手！！', '2019-01-06 19:48:25', '0'), ('13', '1', '0', '23', null, '林允儿啊，真的唱的很标准，很动人，我的同学都没想到是林允儿唱的，呜呜呜，爱死你了林允儿', '2019-01-06 19:54:01', '0'), ('14', '1', '0', '22', null, '真的好棒，我只听她这个版本的', '2019-01-06 19:55:43', '0'), ('16', '1', '0', '5', null, '好听啊', '2019-01-06 19:56:52', '0'), ('17', '1', '0', '22', null, '我的允宝啊，努力演戏想让我们看到一样的你，努力学中文唱给我们听越来越爱你了', '2019-01-06 19:58:53', '0'), ('18', '1', '0', '22', null, '好听啊', '2019-01-06 20:01:46', '0'), ('19', '1', '0', '23', null, '好听啊', '2019-01-06 20:03:59', '0'), ('20', '1', '0', '21', null, '好听啊', '2019-01-06 20:04:22', '0'), ('23', '1', '1', null, '5', '赞！！', '2019-01-08 01:05:27', '2'), ('24', '5', '1', null, '1', '超喜欢！', '2019-01-08 21:46:29', '0'), ('25', '5', '1', null, '5', '大爱我林！', '2019-01-08 21:47:45', '1'), ('26', '5', '1', null, '2', 'nice', '2019-01-08 22:11:23', '4'), ('27', '1', '1', null, '0', '很有感觉', '2019-01-08 22:32:51', '2'), ('28', '5', '0', '26', null, '好听', '2019-01-08 22:42:07', '0'), ('29', '5', '0', '21', null, 'nice!', '2019-01-08 22:57:08', '0'), ('30', '5', '0', '15', null, '好听！', '2019-01-08 23:03:43', '0'), ('31', '1', '0', '13', null, 'rrrr', '2019-01-15 16:28:03', '0'), ('32', '1', '0', '19', null, '赞', '2019-03-07 16:34:12', '0'), ('33', '1', '0', '6', null, '赞', '2019-03-12 09:06:21', '0'), ('34', '1', '1', null, '1', 'hao', '2019-03-16 21:07:01', '0'), ('35', '1', '1', null, '38', 'hao', '2019-03-24 01:39:06', '0'), ('36', '1', '1', null, '0', '妙！', '2019-03-24 01:48:56', '1'), ('37', '1', '1', null, '80', '好听', '2019-03-24 01:51:02', '0'), ('38', '1', '1', null, '80', '好听！！！', '2019-03-24 01:52:20', '0'), ('39', '1', '1', null, '80', '好听', '2019-03-24 01:53:06', '0'), ('40', '1', '1', null, '80', 'good', '2019-03-24 01:53:45', '0'), ('41', '1', '1', null, '80', 'nice', '2019-03-24 01:55:04', '0'), ('42', '1', '1', null, '80', 'nice', '2019-03-24 01:57:02', '0'), ('43', '1', '1', null, '82', 'success', '2019-03-24 01:57:40', '0'), ('45', '1', '1', null, '1', '啦啦啦(*≧∀≦)ﾉ', '2019-04-25 21:24:43', '0'), ('46', '1', '0', '21', null, '111', '2019-04-26 00:51:18', '0'), ('47', '1', '1', null, '1', '222', '2019-04-26 01:01:27', '0'), ('48', '5', '1', null, '10', '我喜欢你', '2019-04-26 01:03:12', '0'), ('49', '1', '1', null, '0', '', '2019-05-23 21:35:47', '0'), ('50', '1', '1', null, '51', '好听', '2019-05-23 21:38:04', '0'), ('51', '1', '1', null, '5', '好听', '2019-05-23 21:39:55', '0'), ('52', '1', '1', null, '5', '好听', '2019-05-23 21:40:25', '0'), ('53', '1', '0', '107', null, 'I love you！！！', '2019-06-03 02:16:23', '0'), ('54', '1', '0', '95', null, '好听', '2020-03-14 16:14:53', '0'), ('55', '1', '0', '28', null, '?', '2020-03-14 16:19:11', '0'), ('56', '26', '0', '69', null, 'good!', '2020-03-22 02:19:03', '0'), ('57', '26', '0', '10', null, 'good', '2020-03-22 03:40:10', '3'), ('58', '1', '1', null, '12', '好', '2020-08-15 20:01:57', '0'), ('59', '1', '1', null, '3', '好', '2020-08-15 20:06:13', '4');
COMMIT;

-- ----------------------------
-- Table structure for `consumer`
-- ----------------------------
DROP TABLE IF EXISTS `consumer`;
CREATE TABLE `consumer` (
`id`  int(11) NOT NULL AUTO_INCREMENT COMMENT '涓婚敭' ,
`username`  varchar(255) CHARACTER SET utf8 COLLATE utf8_general_ci NULL DEFAULT NULL COMMENT '璐﹀彿' ,
`password`  varchar(255) CHARACTER SET utf8 COLLATE utf8_general_ci NULL DEFAULT NULL COMMENT '瀵嗙爜' ,
`sex`  tinyint(1) NULL DEFAULT NULL COMMENT '鎬у埆锛?鐢?濂筹級' ,
`phone_num`  char(15) CHARACTER SET utf8 COLLATE utf8_general_ci NULL DEFAULT NULL COMMENT '鐢佃瘽' ,
`email`  char(30) CHARACTER SET utf8 COLLATE utf8_general_ci NULL DEFAULT NULL COMMENT '閭' ,
`birth`  datetime NULL DEFAULT NULL COMMENT '鐢熸棩' ,
`introduction`  varchar(255) CHARACTER SET utf8 COLLATE utf8_general_ci NULL DEFAULT NULL COMMENT '绛惧悕' ,
`location`  varchar(255) CHARACTER SET utf8 COLLATE utf8_general_ci NULL DEFAULT NULL COMMENT '鍦板尯' ,
`avator`  varchar(255) CHARACTER SET utf8 COLLATE utf8_general_ci NULL DEFAULT NULL COMMENT '澶村儚' ,
`create_time`  datetime NULL DEFAULT NULL COMMENT '鍒涘缓鏃堕棿' ,
`update_time`  datetime NULL DEFAULT NULL COMMENT '鏇存柊鏃堕棿' ,
PRIMARY KEY (`id`)
)
ENGINE=InnoDB
DEFAULT CHARACTER SET=utf8 COLLATE=utf8_general_ci
COMMENT='前端用户'
AUTO_INCREMENT=39

;

-- ----------------------------
-- Records of consumer
-- ----------------------------
BEGIN;
INSERT INTO `consumer` VALUES ('29', '令狐冲', '1', '1', '1010110', '1010110@xagh.com', '1778-08-06 00:00:00', 'sp', '华山派', '/avatorImages/1622362208109令狐冲.png', '2021-05-30 11:46:00', '2021-05-30 18:48:45'), ('37', '憨憨', '1', '0', '1314520', '1314520@qq.com', '1999-05-03 00:00:00', '这个人很懒，什么也没留下', '仙女岛', '/avatorImages/1622362543190consumer1.png', '2021-05-30 16:15:29', '2021-05-30 16:15:43'), ('38', '东方不败', '123456', '0', '0101001', '0101001@qq.com', '1773-10-02 00:00:00', '葵花在手，江山我有', '日月神教', '/avatorImages/1622371693595东方不败.jpg', '2021-05-30 18:48:06', '2021-05-30 18:48:13');
COMMIT;

-- ----------------------------
-- Table structure for `list_song`
-- ----------------------------
DROP TABLE IF EXISTS `list_song`;
CREATE TABLE `list_song` (
`id`  int(11) NOT NULL AUTO_INCREMENT COMMENT '涓婚敭' ,
`song_id`  int(11) NULL DEFAULT NULL COMMENT '姝屾洸id' ,
`song_list_id`  int(11) NULL DEFAULT NULL COMMENT '姝屽崟id' ,
PRIMARY KEY (`id`)
)
ENGINE=InnoDB
DEFAULT CHARACTER SET=utf8 COLLATE=utf8_general_ci
COMMENT='歌单包含歌曲列表'
AUTO_INCREMENT=219

;

-- ----------------------------
-- Records of list_song
-- ----------------------------
BEGIN;
INSERT INTO `list_song` VALUES ('217', '120', '85'), ('218', '121', '85');
COMMIT;

-- ----------------------------
-- Table structure for `rank`
-- ----------------------------
DROP TABLE IF EXISTS `rank`;
CREATE TABLE `rank` (
`id`  int(11) NOT NULL AUTO_INCREMENT COMMENT '涓婚敭' ,
`song_list_id`  int(11) NOT NULL COMMENT '姝屽崟id' ,
`consumer_id`  int(11) NOT NULL COMMENT '鐢ㄦ埛id' ,
`score`  int(11) NULL DEFAULT NULL COMMENT '璇勫垎' ,
PRIMARY KEY (`id`),
UNIQUE INDEX `consumer_id` (`song_list_id`, `consumer_id`) USING BTREE 
)
ENGINE=InnoDB
DEFAULT CHARACTER SET=utf8 COLLATE=utf8_general_ci
COMMENT='评价'
AUTO_INCREMENT=37

;

-- ----------------------------
-- Records of rank
-- ----------------------------
BEGIN;
INSERT INTO `rank` VALUES ('1', '2', '1', '7'), ('2', '2', '2', '3'), ('3', '1', '1', '4'), ('7', '13', '1', '5'), ('19', '21', '1', '5'), ('20', '31', '1', '5'), ('21', '5', '1', '0'), ('24', '11', '1', '4'), ('25', '10', '1', '10'), ('27', '6', '1', '6'), ('28', '7', '1', '10'), ('29', '1', '26', '4'), ('30', '7', '26', '2'), ('32', '3', '26', '5'), ('33', '14', '26', '9'), ('34', '49', '1', '5'), ('36', '3', '1', '10');
COMMIT;

-- ----------------------------
-- Table structure for `singer`
-- ----------------------------
DROP TABLE IF EXISTS `singer`;
CREATE TABLE `singer` (
`id`  int(11) NOT NULL AUTO_INCREMENT COMMENT '涓婚敭' ,
`name`  varchar(255) CHARACTER SET utf8 COLLATE utf8_general_ci NULL DEFAULT NULL COMMENT '濮撳悕' ,
`sex`  tinyint(1) NULL DEFAULT NULL COMMENT '鎬у埆锛?濂?鐢?缁勫悎3涓嶆槑锛?' ,
`pic`  varchar(255) CHARACTER SET utf8 COLLATE utf8_general_ci NULL DEFAULT NULL COMMENT '澶村儚' ,
`birth`  datetime NULL DEFAULT NULL COMMENT '鐢熸棩' ,
`location`  varchar(255) CHARACTER SET utf8 COLLATE utf8_general_ci NULL DEFAULT NULL COMMENT '鍦板尯' ,
`introduction`  varchar(255) CHARACTER SET utf8 COLLATE utf8_general_ci NULL DEFAULT NULL COMMENT '绠€浠?' ,
PRIMARY KEY (`id`)
)
ENGINE=InnoDB
DEFAULT CHARACTER SET=utf8 COLLATE=utf8_general_ci
COMMENT='歌手'
AUTO_INCREMENT=63

;

-- ----------------------------
-- Records of singer
-- ----------------------------
BEGIN;
INSERT INTO `singer` VALUES ('47', '许嵩', '1', '/img/singerPic/1621905923952许嵩.png', '1991-05-04 00:00:00', '神州大陆', '一览纵山小'), ('48', '令狐冲', '1', '/img/singerPic/1621908362377令狐冲.png', '1971-06-04 00:00:00', '神州大陆', '令狐少侠的第二个身份其实是一名歌手，其代表作品《高山流水》'), ('49', '邓紫棋', '0', '/img/singerPic/1621906026500邓紫棋.jpg', '1985-05-05 00:00:00', '香港', '唱歌很厉害,在中国好声音第四季担任梦想导师'), ('50', '五月天', '2', '/img/singerPic/1621906032454五月天.png', '1980-05-02 00:00:00', '台湾', '听过他们的很多歌，《温柔》个人感觉很好听'), ('51', '林俊杰', '1', '/img/singerPic/1621908369009林俊杰.png', '1985-02-06 00:00:00', '新加坡', '行走的CD'), ('57', '周深', '1', '/img/singerPic/1621945434348周深.jpg', '1991-11-06 00:00:00', '神州大陆', '灵魂女声男歌手'), ('58', '周杰伦', '1', '/img/singerPic/1621945502696周杰伦.jpg', '1983-05-04 00:00:00', '台湾', '很多人的偶像啦；个人很喜欢他的《稻香》'), ('59', 'Taylor Swift', '0', '/img/singerPic/1621945600221Taylor.jpg', '1985-05-05 00:00:00', '美国', '个人最爱欧美女歌手，陷于颜值，当然歌也很好听啦'), ('60', '华晨宇', '1', '/img/singerPic/1621945785313华晨宇.jpg', '1989-08-03 00:00:00', '神州大陆', '有点娘，有点爱装x，但是歌唱得还不错啦');
COMMIT;

-- ----------------------------
-- Table structure for `song`
-- ----------------------------
DROP TABLE IF EXISTS `song`;
CREATE TABLE `song` (
`id`  int(11) NOT NULL AUTO_INCREMENT COMMENT '涓婚敭' ,
`singer_id`  int(11) NULL DEFAULT NULL COMMENT '姝屾墜id' ,
`name`  varchar(255) CHARACTER SET utf8 COLLATE utf8_general_ci NULL DEFAULT NULL COMMENT '闈╁懡' ,
`introduction`  varchar(255) CHARACTER SET utf8 COLLATE utf8_general_ci NULL DEFAULT NULL COMMENT '绠€浠?' ,
`create_time`  datetime NULL DEFAULT NULL COMMENT '鍒涘缓鏃堕棿' ,
`update_time`  datetime NULL DEFAULT NULL COMMENT '鏇存柊鏃堕棿' ,
`pic`  varchar(255) CHARACTER SET utf8 COLLATE utf8_general_ci NULL DEFAULT NULL COMMENT '姝屾洸鍥剧墖' ,
`lyric`  text CHARACTER SET utf8 COLLATE utf8_general_ci NULL COMMENT '姝岃瘝' ,
`url`  varchar(255) CHARACTER SET utf8 COLLATE utf8_general_ci NULL DEFAULT NULL COMMENT '姝屾洸鍦板潃' ,
PRIMARY KEY (`id`)
)
ENGINE=InnoDB
DEFAULT CHARACTER SET=utf8 COLLATE=utf8_general_ci
COMMENT='歌曲'
AUTO_INCREMENT=129

;

-- ----------------------------
-- Records of song
-- ----------------------------
BEGIN;
INSERT INTO `song` VALUES ('120', '58', '周杰伦-稻香', '稻香', '2021-05-26 11:45:17', '2021-05-26 21:21:07', '/img/songPic/1622035267122稻香.jpg', '[00:02.54]词：周杰伦 曲：周杰伦\n[00:15.59]　　对这个世界如果你有太多的抱怨\n[00:18.73]　　跌倒了就不敢继续往前走\n[00:21.59]　　为什麽人要这麽的脆弱 堕落\n[00:25.78]　　请你打开电视看看\n[00:27.59]　　多少人为生命在努力勇敢的走下去\n[00:31.41]　　我们是不是该知足\n[00:33.28]　　珍惜一切 就算没有拥有\n[00:37.85]\n[03:45.65][02:58.78][00:38.66]　　还记得你说家是唯一的城堡 随着稻香河流继续奔跑\n[03:52.28][03:05.35][00:44.91]　　微微笑 小时候的梦我知道\n[03:10.47][00:50.42]　　不要哭让萤火虫带着你逃跑 乡间的歌谣永远的依靠\n[03:17.04]　　回家吧 回到最初的美好\n[01:48.97]　　不要这麽容易就想放弃 就像我说的\n[01:52.54]　　追不到的梦想 换个梦不就得了\n[01:55.35]　　为自己的人生鲜艳上色 先把爱涂上喜欢的颜色\n[02:01.29]　　笑一个吧 功成名就不是目的\n[02:03.62]　　让自己快乐快乐这才叫做意义\n[02:06.43][00:56.51]　　童年的纸飞机 现在终于飞回我手裡\n[02:12.21][01:01.97]　　所谓的那快乐 赤脚在田裡追蜻蜓追到累了\n[02:16.39][01:06.15]　　偷摘水果被蜜蜂给叮到怕了 谁在偷笑呢\n[02:21.09][01:10.60]　　我看着稻草人吹着风唱着歌睡着了\n[02:24.46][01:14.53]　　哦 哦 午后吉它在虫鸣中更清脆\n[02:27.33][01:17.09]　　哦 哦 阳光洒在路上就不怕心碎\n[02:30.52][01:20.15]　　珍惜一切 就算没有拥有\n[02:35.09][01:24.45]\n[03:22.19][02:35.37][01:25.26]　　还记得你说家是唯一的城堡 随着稻香河流继续奔跑\n[03:28.82][02:41.99][01:31.77]　　微微笑 小时候的梦我知道\n[03:33.89][02:47.13][01:36.90]　　不要哭让萤火虫带着你逃跑 乡间的歌谣永远的依靠\n[03:40.46][02:53.68][01:43.77]　　回家吧 回到最初的美好', '/song/1622035167147周杰伦-稻香.mp3'), ('121', '58', '周杰伦-七里香', '七里香', '2021-05-27 23:40:31', '2021-05-27 23:42:03', '/img/songPic/tubiao.jpg', '[00:08.28]作词：方文山　作曲：周杰伦\r\n[00:21.33]\r\n[00:27.43]窗外的麻雀 在电线杆上多嘴\r\n[00:34.33]你说这一句 很有夏天的感觉\r\n[00:40.98]手中的铅笔 在纸上来来回回\r\n[00:47.30]我用几行字形容你是我的谁\r\n[00:54.03]秋刀鱼的滋味 猫跟你都想了解\r\n[01:01.10]初恋的香味就这样被我们寻回\r\n[01:07.40]那温暖的阳光 象刚摘的鲜艳草莓\r\n[01:14.14]你说你舍不得吃掉这一种感觉\r\n[02:14.66]\r\n[03:35.01][02:41.25][01:47.47][01:20.45]雨下整夜 我的爱溢出就象雨水\r\n[03:41.68][02:47.85][01:27.24]院子落叶 跟我的思念厚厚一叠\r\n[03:48.30][02:54.55][01:33.92]几句是非 也无法将我的热情冷却\r\n[03:55.90][03:02.15][01:41.51]你出现在我诗的每一页\r\n[03:07.79]\r\n[04:02.36]整夜 我的爱溢出就象雨水\r\n[04:08.52][01:54.12]窗台蝴蝶 象诗里纷飞的美丽章节\r\n[04:15.47][02:00.84]我接着写 把永远爱你写进诗的结尾\r\n[04:22.77][02:08.35]你是我唯一想要的了解\r\n[04:29.28]\r\n[03:08.51]那饱满的稻穗 幸福了这个季节\r\n[03:15.85]而你的脸颊象田里熟透的蕃茄\r\n[03:21.87]你突然对我说 七里香的名字很美\r\n[03:28.56]我此刻却只想亲吻你倔强的嘴', '/song/1622130031966周杰伦-七里香.mp3'), ('122', '58', '周杰伦-晴天', '晴天', '2021-05-27 23:42:33', '2021-05-27 23:42:52', '/img/songPic/tubiao.jpg', '[00:00.71]晴天 - 周杰伦\r\n[00:28.84]故事的小黄花\r\n[00:32.34]从出生那年就飘着\r\n[00:35.85]童年的荡秋千\r\n[00:39.41]随记忆一直晃到现在\r\n[00:42.77]rui sou sou xi dou xi la\r\n[00:45.50]sou la xi xi xi xi la xi la sou\r\n[00:49.41]吹着前奏望着天空\r\n[00:52.60]我想起花瓣试着掉落\r\n[00:56.10]为你翘课的那一天\r\n[00:58.29]花落的那一天\r\n[01:00.14]教室的那一间\r\n[01:01.79]我怎么看不见\r\n[01:03.61]消失的下雨天\r\n[01:05.38]我好想再淋一遍\r\n[01:09.51]没想到失去的勇气我还留着\r\n[01:15.72]好想再问一遍\r\n[01:17.47]你会等待还是离开\r\n[01:24.46]刮风这天我试过握着你手\r\n[01:30.18]但偏偏雨渐渐大到我看你不见\r\n[01:38.50]还要多久我才能在你身边\r\n[01:44.93]等到放晴的那天也许我会比较好一点\r\n[01:52.41]从前从前有个人爱你很久\r\n[01:58.07]但偏偏风渐渐把距离吹得好远\r\n[02:06.44]好不容易又能再多爱一天\r\n[02:12.81]但故事的最后你好像还是说了拜拜\r\n[02:33.93]为你翘课的那一天\r\n[02:36.39]花落的那一天\r\n[02:38.13]教室的那一间\r\n[02:39.84]我怎么看不见\r\n[02:41.55]消失的下雨天\r\n[02:43.31]我好想再淋一遍\r\n[02:47.39]没想到失去的勇气我还留着\r\n[02:53.39]好想再问一遍\r\n[02:55.49]你会等待还是离开\r\n[03:02.46]刮风这天我试过握着你手\r\n[03:08.12]但偏偏雨渐渐大到我看你不见\r\n[03:16.54]还要多久我才能在你身边\r\n[03:23.10]等到放晴的那天也许我会比较好一点\r\n[03:30.49]从前从前有个人爱你很久\r\n[03:36.26]但偏偏风渐渐把距离吹得好远\r\n[03:44.48]好不容易又能再多爱一天\r\n[03:51.05]但故事的最后你好像还是说了拜拜\r\n[03:57.65]刮风这天我试过握着你手\r\n[04:01.45]但偏偏雨渐渐大到我看你不见\r\n[04:04.98]还要多久我才能够在你身边\r\n[04:08.64]等到放晴那天也许我会比较好一点\r\n[04:12.34]从前从前有个人爱你很久\r\n[04:15.40]但偏偏雨渐渐把距离吹得好远\r\n[04:19.05]好不容易又能再多爱一天\r\n[04:22.42]但故事的最后你好像还是说了吧', '/song/1622130153137周杰伦-晴天.mp3'), ('123', '47', '许嵩-超市', '呼吸之野', '2021-05-31 21:23:13', '2021-05-31 21:27:14', '/img/songPic/1622467634599超市.jpg', '超市 - 许嵩\n词：许嵩\n曲：许嵩\n又是整整一天的伏案\n赶在夕阳落幕前\n进楼下的超市转转\n往来的人们挑选蔬果和酸奶\n这烟火气息就像记忆中你的温软\n一个白衣女孩从货架那端迎面而来\n蹙着眉费劲地抱着她满载的购物篮\n她身上有我\n最熟悉不过的香味和步态\n我唐突地说我想帮忙拎一小段\n她可能笑话这生硬的搭讪\n也可能以为我对她有好感\n我拎着篮子在她身后走得慢\n是重温和你逛超市的傍晚\n当时我们住在这一带\n常在夕阳落幕前\n进楼下的超市转转\n往来的人们挑选蔬果和酸奶\n这烟火气息就像牵着你手的温软\n一个白衣女孩从193X年迎面而来\n蹙着眉费劲地抱着她漏底的购物篮\n她身上有我\n最熟悉不过的香味和步态\n我唐突地说我想帮忙拎一小段\n她可能笑话这生硬的搭讪\n也可能以为我对她有好感\n我拎着篮子在她身后走得慢\n是重温和你逛超市的傍晚\n她可能笑话这生硬的搭讪\n也可能以为我对她有好感\n我拎着篮子在她身后走得慢\n是重温和你逛超市的傍晚', '/song/1622467393754许嵩-超市.mp3'), ('124', '47', '许嵩-庐州月', '寻雾启示', '2021-05-31 21:30:19', '2021-05-31 21:32:46', '/img/songPic/1622467966057庐州月.jpg', '[00:20.48]儿时凿壁偷了谁家的光\n[00:24.18]宿昔不梳\n一苦十年寒窗\n[00:27.85]如今灯下闲读\n红袖添香\n[00:32.77]半生浮名只是虚妄\n[00:35.78]三月\n一路烟霞\n莺飞草长\n[00:39.40]柳絮纷飞里看见了故乡\n[00:42.92]不知心上的你是否还在庐阳\n[00:47.62]一缕青丝一生珍藏\n[00:51.03]桥上的恋人入对出双\n[00:54.50]桥边红药叹夜太漫长\n[00:58.44]月也摇晃\n人也彷徨\n[01:02.23]乌蓬里传来了一曲离殇\n[01:07.92]庐州月光\n洒在心上\n[01:11.63]月下的你不复当年模样\n[01:15.35]太多的伤\n难诉衷肠\n[01:19.41]叹一句当时只道是寻常\n[01:23.16]庐州月光\n梨花雨凉\n[01:27.04]如今的你又在谁的身旁\n[01:30.84]家乡月光\n深深烙在我心上\n[01:35.27]却流不出当年泪光\n[01:55.46]三月\n一路烟霞\n莺飞草长\n[01:59.25]柳絮纷飞里看见了故乡\n[02:03.07]不知心上的你是否还在庐阳\n[02:07.54]一缕青丝一生珍藏\n[02:11.12]桥上的恋人入对出双\n[02:14.96]桥边红药叹夜太漫长\n[02:18.24]月也摇晃\n人也彷徨\n[02:22.10]乌蓬里传来了一曲离殇\n[02:27.65]庐州月光\n洒在心上\n[02:31.72]月下的你不复当年模样\n[02:35.48]太多的伤\n难诉衷肠\n[02:39.29]叹一句当时只道是寻常\n[02:43.19]庐州月光\n梨花雨凉\n[02:46.99]如今的你又在谁的身旁\n[02:50.63]家乡月光\n深深烙在我心上\n[02:55.19]却流不出当年泪光\n[03:00.31]庐州的月光\n在我心上\n[03:04.84]太多的伤口\n难诉衷肠\n[03:08.66]如今的你\n在谁的身旁\n[03:12.14]我流不出当年泪光\n[03:15.47]庐州月光\n洒在身上\n[03:19.05]月下的你不复当年模样\n[03:23.07]太多的伤\n难诉衷肠\n[03:26.72]叹一句当时只道是寻常\n[03:30.62]庐州月光\n梨花雨凉\n[03:34.38]如今的你又在谁的身旁\n[03:38.20]家乡月光\n深深烙在我心上\n[03:42.77]却流不出当年泪光', '/song/1622467819793许嵩-庐州月.mp3'), ('125', '47', '许嵩-千百度', '苏格拉没有底', '2021-05-31 21:35:18', '2021-05-31 21:36:34', '/img/songPic/1622468194049千百度.jpg', '关外野店 烟火绝 客怎眠\r\n寒来袖间 谁为我 添两件\r\n三四更雪 风不减 吹袭一夜\r\n只是可怜 瘦马未得好歇\r\n怅然入梦 梦几月 醒几年\r\n往事凄艳 用情浅 两手缘\r\n鹧鸪清怨 听得见 飞不回堂前\r\n旧楹联红褪墨残谁来揭\r\n我寻你千百度 日出到迟暮\r\n一瓢江湖我沉浮\r\n我寻你千百度 又一岁荣枯\r\n可你从不在 灯火阑珊处\r\n怅然入梦 梦几月 醒几年\r\n往事凄艳 用情浅 两手缘\r\n鹧鸪清怨 听得见 飞不回堂前\r\n旧楹联红褪墨残谁来揭\r\n我寻你千百度 日出到迟暮\r\n一瓢江湖我沉浮\r\n我寻你千百度 又一岁荣枯\r\n可你从不在 灯火阑珊处\r\n我寻你千百度 日出到迟暮\r\n一瓢江湖我沉浮\r\n我寻你千百度 又一岁荣枯\r\n你不在 灯火阑珊处', '/song/1622468118188许嵩-千百度.mp3'), ('126', '47', '许嵩-清明雨上', '自定义', '2021-05-31 21:38:48', '2021-05-31 21:54:19', '/img/songPic/1622469259189清明雨上.jpg', '歌名：清明雨上， 歌手：许嵩\r\n所属专辑：自定义， 作曲：许嵩\r\n作词：许嵩\r\n窗透初晓， 日照西桥， 云自摇\r\n想你当年荷风微摆的衣角， 木雕流金\r\n岁月涟漪， 七年前封笔\r\n因为我今生挥毫只为你， 雨打湿了眼眶\r\n年年倚井盼归堂， 最怕不觉泪已拆两行\r\n我在人间彷徨， 寻不到你的天堂\r\n东瓶西镜放， 恨不能遗忘\r\n又是清明雨上， 折菊寄到你身旁\r\n把你最爱的歌来轻轻唱， 远方有琴\r\n愀然空灵， 声声催天雨\r\n涓涓心事说给自己听， 月影憧憧\r\n烟火几重， 烛花红\r\n红尘旧梦， 梦断都成空\r\n雨打湿了眼眶， 年年倚井盼归堂\r\n最怕不觉泪已拆两行， 我在人间彷徨\r\n寻不到你的天堂， 东瓶西镜放\r\n恨不能遗忘， 又是清明雨上\r\n折菊寄到你身旁， 把你最爱的歌来轻轻唱\r\n我在人间彷徨， 寻不到你的天堂\r\n东瓶西镜放， 恨不能遗忘\r\n又是清明雨上， 折菊寄到你身旁\r\n把你最爱的歌来轻轻唱', '/song/1622468328204许嵩-清明雨上.mp3'), ('127', '47', '许嵩-如约而至', '寻宝游戏', '2021-05-31 21:40:25', '2021-05-31 21:54:28', '/img/songPic/1622469268881如约而至.jpg', '[00:03.04]如约而至\n[00:05.45]作词：许嵩\n[00:06.56]作曲：许嵩\n[00:07.72]演唱：许嵩\n[00:09.23]\n[00:24.13]如果早知道那天是我们最后一面\n[00:30.01]我绝不会和你谈论琐事浪费时间\n[00:36.39]人生里看似偶然却又必经的告别\n[00:42.70]无约而至 无人可免\n[00:47.54]\n[00:51.80]有一回置身某个似曾相识的场景\n[00:57.89]那一刻我忽然感应你就在我身边\n[01:04.06]过去、当下、未来未必确有其界限\n[01:10.16]或许爱能穿越时间 抵达永远\n[01:18.70]\n[01:20.98]等到秋叶终于金黄\n[01:24.00]等到华发悄然苍苍\n[01:28.02]我们相约老地方\n[01:32.19]\n[01:33.22]等到人已不再奔忙\n[01:36.37]等到心也不再轻狂\n[01:40.19]我们相约老地方\n[01:44.91]\n[01:45.90]等到记忆只剩精华\n[01:48.70]等到笑容不掺伪装\n[01:52.50]我们相约老地方\n[01:57.40]\n[01:58.00]等到释怀所有悲伤\n[02:00.97]等到体谅世事无常\n[02:04.70]我们相约老地方\n[02:10.16]\n[02:20.67]有一回置身某个似曾相识的场景\n[02:27.08]那一刻我忽然感应你就在我身边\n[02:33.19]过去、当下、未来未必确有其界限\n[02:39.51]或许爱能穿越时间 抵达永远\n[02:46.61]\n[02:47.18]等到秋叶终于金黄\n[02:50.33]等到华发悄然苍苍\n[02:53.94]我们相约老地方\n[02:58.63]\n[02:59.40]等到人已不再奔忙\n[03:02.51]等到心也不再轻狂\n[03:06.13]我们相约老地方\n[03:11.19]\n[03:11.87]等到记忆只剩精华\n[03:14.81]等到笑容不掺伪装\n[03:18.46]我们相约老地方\n[03:23.36]\n[03:23.97]等到释怀所有悲伤\n[03:27.00]等到体谅世事无常\n[03:30.78]我们相约老地方\n[03:35.03]\n[03:36.31]等到记忆只剩精华\n[03:39.37]等到笑容不掺伪装\n[03:43.20]我们相约老地方\n[03:48.04]\n[03:48.66]等到释怀所有悲伤\n[03:51.69]等到体谅世事无常\n[03:55.31]我们相约老地方\n[04:01.47]', '/song/1622468425645许嵩-如约而至.mp3'), ('128', '47', '许嵩-乌鸦', '呼吸之野', '2021-05-31 21:49:40', '2021-05-31 21:54:45', '/img/songPic/1622469285065乌鸦.jpg', '怀揣汹涌喷薄的热情\r\n可与生俱来无法讨喜\r\n纯黑的外形隐忍冷静\r\n月落时怎么会啼\r\n你的存在是一个奇迹\r\n造物的安排神秘无形\r\n只为了再一眼的相遇\r\n竟让我忘记了天敌\r\n当我又飞到这里\r\n俯瞰着模糊山顶\r\n孤身藏在夜空里等你的回音\r\n就当作是我不吉利\r\n不能拥有美好幸运\r\n只愿你 远方能感应\r\n当我又降落这里\r\n穿行在蛮荒森林\r\n扑腾着倔强却又分叉的羽翼\r\n飞上枝头的都风趣\r\n占了巢的都在窃喜\r\n但想到你 就不会勉强合群\r\n你的存在是一个奇迹\r\n造物的安排神秘无形\r\n只为了再一眼的相遇\r\n竟让我抗拒了宿命\r\n当我又飞到这里\r\n俯瞰着模糊山顶\r\n孤身藏在夜空里等你的回音\r\n就当作是我不吉利\r\n不能拥有美好幸运\r\n只愿你 远方能感应\r\n当我又降落这里\r\n穿行在蛮荒森林\r\n扑腾着倔强却又分叉的羽翼\r\n飞上枝头的都风趣\r\n占了巢的都在窃喜\r\n但想到你 就不会勉强合群\r\n当我又飞到这里\r\n俯瞰着模糊山顶\r\n孤身藏在夜空里等你的回音\r\n就当作是我不吉利\r\n不能拥有美好幸运\r\n只愿你 远方能感应\r\n当我又降落这里\r\n穿行在蛮荒森林\r\n消解了莫须有的光环和罪名\r\n转眼就谈不上年轻\r\n也嚼透了一些道理\r\n才相信 许多事没有道理\r\n等到你 喂我些反转\r\n喂我些反转剧情', '/song/1622468980358许嵩-乌鸦.mp3');
COMMIT;

-- ----------------------------
-- Table structure for `song_list`
-- ----------------------------
DROP TABLE IF EXISTS `song_list`;
CREATE TABLE `song_list` (
`id`  int(11) NOT NULL AUTO_INCREMENT COMMENT '涓婚敭' ,
`title`  varchar(255) CHARACTER SET utf8 COLLATE utf8_general_ci NULL DEFAULT NULL COMMENT '鏍囬' ,
`pic`  varchar(255) CHARACTER SET utf8 COLLATE utf8_general_ci NULL DEFAULT NULL COMMENT '姝屽崟鍥剧墖' ,
`introduction`  text CHARACTER SET utf8 COLLATE utf8_general_ci NULL COMMENT '绠€浠?' ,
`style`  varchar(255) CHARACTER SET utf8 COLLATE utf8_general_ci NULL DEFAULT NULL COMMENT '椋庢牸' ,
PRIMARY KEY (`id`)
)
ENGINE=InnoDB
DEFAULT CHARACTER SET=utf8 COLLATE=utf8_general_ci
COMMENT='歌单'
AUTO_INCREMENT=92

;

-- ----------------------------
-- Records of song_list
-- ----------------------------
BEGIN;
INSERT INTO `song_list` VALUES ('85', '轻音乐', '/img/songListPic/1622170106743稻香.jpg', '适合在工作、学习的时候入耳', '安静'), ('90', '流行音乐', '/img/songListPic/123.jpg', '重复重复，缺乏想象力，极度商业化 。。。', '腊鸡'), ('91', '华语英语', '/img/songListPic/123.jpg', '参差不齐，人鬼混杂', '华语');
COMMIT;

-- ----------------------------
-- Auto increment value for `admin`
-- ----------------------------
ALTER TABLE `admin` AUTO_INCREMENT=3;

-- ----------------------------
-- Auto increment value for `collect`
-- ----------------------------
ALTER TABLE `collect` AUTO_INCREMENT=57;

-- ----------------------------
-- Auto increment value for `comment`
-- ----------------------------
ALTER TABLE `comment` AUTO_INCREMENT=60;

-- ----------------------------
-- Auto increment value for `consumer`
-- ----------------------------
ALTER TABLE `consumer` AUTO_INCREMENT=39;

-- ----------------------------
-- Auto increment value for `list_song`
-- ----------------------------
ALTER TABLE `list_song` AUTO_INCREMENT=219;

-- ----------------------------
-- Auto increment value for `rank`
-- ----------------------------
ALTER TABLE `rank` AUTO_INCREMENT=37;

-- ----------------------------
-- Auto increment value for `singer`
-- ----------------------------
ALTER TABLE `singer` AUTO_INCREMENT=63;

-- ----------------------------
-- Auto increment value for `song`
-- ----------------------------
ALTER TABLE `song` AUTO_INCREMENT=129;

-- ----------------------------
-- Auto increment value for `song_list`
-- ----------------------------
ALTER TABLE `song_list` AUTO_INCREMENT=92;
